www.washingtonpost.com, 727
www.reuters.com, 681
www.nytimes.com, 681
www.usatoday.com, 597
www.foxnews.com, 569
abcnews.go.com, 528
www.nbcnews.com, 447
www.cnn.com, 446
www.wsj.com, 352
www.latimes.com, 344
www.miamiherald.com, 311
www.huffingtonpost.com, 287
www.csmonitor.com, 262
in.reuters.com, 251
www.bbc.co.uk, 248
www.nydailynews.com, 231
www.cbsnews.com, 215
www.bloomberg.com, 211
time.com, 210
www.chron.com, 195
www.telegraph.co.uk, 185
www.dailymail.co.uk, 171
www.voanews.com, 161
www.seattlepi.com, 142
www.philly.com, 114
www.utsandiego.com, 113
www.washingtontimes.com, 112
www.sfchronicle.com, 108
www.stltoday.com, 108
www.sacbee.com, 105
www.politico.com, 100
edition.cnn.com, 96
www.chicagotribune.com, 96
timesofindia.indiatimes.com, 92
www.abc.net.au, 84
www.irishtimes.com, 77
www.startribune.com, 74
www.mercurynews.com, 74
www.smh.com.au, 72
www.kansascity.com, 69
www.sfgate.com, 64
www.msnbc.com, 64
dailycaller.com, 62
theweek.com, 58
www.usnews.com, 58
www.hindustantimes.com, 56
www.statesmennews.com, 55
www.ctvnews.ca, 55
www.theguardian.com, 53
www.ft.com, 52
www.salon.com, 51
news.xinhuanet.com, 50
www.bulletinstandard.org, 49
www.cbc.ca, 48
www.haaretz.com, 48
www.thedailybeast.com, 47
www.theglobeandmail.com, 47
www.postpioneer.com, 46
www.euronews.com, 45
www.ynetnews.com, 44
www.nola.com, 44
uk.reuters.com, 44
www.bostonglobe.com, 42
america.aljazeera.com, 42
www.jpost.com, 42
www.newsday.com, 42
www.newsweek.com, 41
onpolitics.usatoday.com, 41
www.theaustralian.com.au, 38
www.dailystar.com.lb, 38
cnnphilippines.com, 37
www.independent.ie, 37
www.bulletinstandard.com, 37
indianexpress.com, 36
latino.foxnews.com, 36
www.theblaze.com, 36
af.reuters.com, 36
zeenews.india.com, 36
www.thehindu.com, 35
www.ajc.com, 35
www.bostonherald.com, 35
www.forbes.com, 35
www.nj.com, 35
www.business-standard.com, 34
www.vox.com, 34
www.bustle.com, 33
www.oregonlive.com, 31
gulfnews.com, 31
www.independent.co.uk, 30
www.syracuse.com, 30
www.seattletimes.com, 30
chicago.suntimes.com, 30
www.al.com, 30
www.ibtimes.com, 28
www.detroitnews.com, 28
natmonitor.com, 28
www.dispatch.com, 28
www.arkansasonline.com, 28
www.denverpost.com, 28
www.people.com, 27
www.sltrib.com, 27
www.thenews.com.pk, 26
www.charlotteobserver.com, 26
nymag.com, 25
www.upi.com, 25
espn.go.com, 25
thehill.com, 24
www.cleveland.com, 23
mashable.com, 23
www.tampabay.com, 23
newyork.cbslocal.com, 23
ftw.usatoday.com, 23
washington.cbslocal.com, 22
www.dailytimes.com.pk, 22
nypost.com, 22
www.boston.com, 22
www.wcvb.com, 22
newsok.com, 22
fortune.com, 22
rt.com, 20
www.mlive.com, 20
www.freep.com, 20
www.ndtv.com, 20
economictimes.indiatimes.com, 20
www.dallasnews.com, 20
www.rferl.org, 19
www.baltimoresun.com, 18
www.eonline.com, 18
kdhnews.com, 18
www.news.com.au, 18
abc7chicago.com, 17
www.theamericanregister.com, 17
www.skynews.com.au, 17
www.timesunion.com, 17
www.todayonline.com, 17
baltimore.cbslocal.com, 17
www.theverge.com, 16
www.mediaite.com, 16
www.iol.co.za, 16
losangeles.cbslocal.com, 16
www.theatlantic.com, 16
dfw.cbslocal.com, 16
www.houstonchronicle.com, 15
www.post-gazette.com, 15
www.dw.de, 15
www.nwaonline.com, 15
sanfrancisco.cbslocal.com, 15
www.benchmarkreporter.com, 15
www.marketwatch.com, 15
boston.cbslocal.com, 14
www.nzherald.co.nz, 14
www.northjersey.com, 14
www.firstpost.com, 14
news.nationalpost.com, 13
www.ivpressonline.com, 13
www.kfoxtv.com, 13
www.torontosun.com, 13
gawker.com, 13
www.npr.org, 13
www.deseretnews.com, 13
english.alarabiya.net, 13
www.myfoxal.com, 13
news.vice.com, 13
www.engadget.com, 13
allafrica.com, 12
www.kmbz.com, 12
www.fox5vegas.com, 12
www.heraldextra.com, 12
tribune.com.pk, 12
qz.com, 12
www.necn.com, 12
townhall.com, 12
www.wptz.com, 12
www.sunherald.com, 12
www.heraldsun.com.au, 11
www.ngrguardiannews.com, 11
tvnz.co.nz, 11
www.wpxi.com, 11
www.expressnews.com, 11
www.wave3.com, 11
www.theeagle.com, 11
www.thetimes.co.uk, 11
www.toledoblade.com, 11
www.dailyherald.com, 11
www.tulsaworld.com, 11
www.dnaindia.com, 11
www.mirror.co.uk, 11
www.timeslive.co.za, 11
www.foxsports.com, 10
www.orlandosentinel.com, 10
www.eaglecurrent.com, 10
www.dailyprogress.com, 10
www.ccenterdispatch.com, 10
www.bellinghamherald.com, 10
www.observerchronicle.com, 10
www.nbcnewyork.com, 10
www.stuff.co.nz, 10
www.statesman.com, 10
news.sky.com, 10
www.wired.com, 10
www.channelnewsasia.com, 9
www.wdtimes.com, 9
www.thepicayuneleader.com, 9
ca.reuters.com, 9
nation.com.pk, 9
www.jsonline.com, 9
www.rollingstone.com, 9
gantdaily.com, 9
chicago.cbslocal.com, 9
www.omaha.com, 9
www.therepublic.com, 9
www.vanityfair.com, 9
hamptonroads.com, 9
www.local12.com, 9
www.today.com, 8
www.erietvnews.com, 8
www.irishexaminer.com, 8
www.mysanantonio.com, 8
www.news24.com, 8
www.messenger-inquirer.com, 8
www.scmp.com, 8
www.wtma.com, 8
missoulian.com, 8
www.latinpost.com, 8
www.morningnewsusa.com, 8
www.techtimes.com, 8
www.fox19.com, 8
pix11.com, 8
money.cnn.com, 8
www.ijreview.com, 8
www.palmbeachpost.com, 8
www.albawaba.com, 8
www.i4u.com, 8
www.thestar.com, 8
www.nbc12.com, 8
www.rte.ie, 8
www.livemint.com, 8
helenair.com, 7
www.newyorker.com, 7
www.tv3.ie, 7
blogs.wsj.com, 7
www.hngn.com, 7
wtaq.com, 7
www.wdam.com, 7
www.pantagraph.com, 7
thegardenisland.com, 7
www.sanluisobispo.com, 7
wwmt.com, 7
www.winonadailynews.com, 7
www.myfox28columbus.com, 7
www.kvor.com, 7
journalstar.com, 7
tucson.com, 7
www.tricities.com, 7
www.foxsanantonio.com, 7
ktla.com, 7
www.nasdaq.com, 6
www.straitstimes.com, 6
www.thesundaily.my, 6
www.newsbug.info, 6
heavy.com, 6
www.fresnobee.com, 6
www.microcapobserver.com, 6
denver.cbslocal.com, 6
siouxcityjournal.com, 6
globegazette.com, 6
qctimes.com, 6
www.wfmynews2.com, 6
www.statecolumn.com, 6
www.myrtlebeachonline.com, 6
news.asiaone.com, 6
www.japantimes.co.jp, 6
auburnpub.com, 6
www.heraldstandard.com, 6
ibnlive.in.com, 6
mtstandard.com, 6
www.desmoinesregister.com, 6
www.thetimesgazette.com, 6
www.thesilverink.com, 6
minnesota.cbslocal.com, 6
dailytimes.com.ng, 6
www.courthousenews.com, 6
www.wjactv.com, 6
philadelphia.cbslocal.com, 6
newsinfo.inquirer.net, 6
www.breitbart.com, 6
detroit.cbslocal.com, 6
www.abc6.com, 6
www.9and10news.com, 6
www.arabnews.com, 6
www.keyetv.com, 6
lacrossetribune.com, 6
www.wxii12.com, 6
www.cbssports.com, 6
www.wtsp.com, 5
www.610kvnu.com, 5
www.abc3340.com, 5
www.8newsnow.com, 5
www.foxreno.com, 5
www.newsadvance.com, 5
www.foxcarolina.com, 5
hollywoodlife.com, 5
www.postbulletin.com, 5
wkrn.com, 5
www.financialexpress.com, 5
www.vindy.com, 5
video.chron.com, 5
collegebasketballtalk.nbcsports.com, 5
www.pressherald.com, 5
www.wral.com, 5
www.fredericksburg.com, 5
www.belfasttelegraph.co.uk, 5
www.whdh.com, 5
www.thenewstribune.com, 5
wtop.com, 5
www.afr.com, 5
www.toledonewsnow.com, 5
www.ctpost.com, 5
www.ocregister.com, 5
www.10tv.com, 5
www.thestate.com, 5
www.13wham.com, 5
www.bbc.com, 5
www.rollcall.com, 5
www.talkradionews.com, 5
www.masslive.com, 5
bleacherreport.com, 5
www.kspr.com, 5
www.herald.ie, 5
www.9news.com.au, 5
stlouis.cbslocal.com, 5
www.wbtv.com, 5
thecelebritycafe.com, 5
www.rttnews.com, 5
wcfcourier.com, 5
www.wpbf.com, 5
triblive.com, 5
www.dailyamerican.com, 5
www.cnbc.com, 5
www.starherald.com, 5
readingeagle.com, 4
www.foxbusiness.com, 4
www.nbcwashington.com, 4
www.thefiscaltimes.com, 4
metro.co.uk, 4
au.news.yahoo.com, 4
www.ny1.com, 4
q13fox.com, 4
entertainthis.usatoday.com, 4
www.wjla.com, 4
www.wsvn.com, 4
www.bendbulletin.com, 4
www.chinatopix.com, 4
www.timesdaily.com, 4
www.wbur.org, 4
www.hickoryrecord.com, 4
www.mycentraloregon.com, 4
www.pcworld.com, 4
www.sbnation.com, 4
www.buffalonews.com, 4
en.yibada.com, 4
www.fayobserver.com, 4
www.wbaltv.com, 4
www.wwmt.com, 4
www.presstv.ir, 4
www.sportingnews.com, 4
www.brisbanetimes.com.au, 4
www.kvue.com, 4
www.adn.com, 4
www.bayoubuzz.com, 4
gadgets.ndtv.com, 4
www.inquisitr.com, 4
www.theage.com.au, 4
www.modvive.com, 4
www.elkharttruth.com, 4
connecticut.cbslocal.com, 4
insider.espn.go.com, 4
www.fastcompany.com, 4
www.wsfa.com, 4
www.wsoctv.com, 4
www.courier-journal.com, 4
www.yourcentralvalley.com, 4
www.motherjones.com, 4
host.madison.com, 4
www.contracostatimes.com, 4
www.islandpacket.com, 4
www.thonline.com, 4
www.morning-times.com, 4
www.indystar.com, 4
local12.com, 4
www.unionleader.com, 4
www.thewrap.com, 4
www.wilx.com, 4
www.heraldrecorder.org, 4
www.ohio.com, 4
www.heraldscotland.com, 4
www.local10.com, 4
profootballtalk.nbcsports.com, 4
www.thehindubusinessline.com, 4
www.wthr.com, 4
www.pressofatlanticcity.com, 4
theworldlink.com, 4
herocomplex.latimes.com, 4
www.wbir.com, 4
www.wsbt.com, 4
magicvalley.com, 4
www.concordmonitor.com, 4
www.cbs12.com, 4
www.tehrantimes.com, 4
www.abc2news.com, 4
www.wmtw.com, 4
thesouthern.com, 4
www.wyff4.com, 4
www.kfvs12.com, 3
www.pbs.org, 3
www.whatlauderdale.com, 3
www.biotechwired.com, 3
www.lex18.com, 3
moviepilot.com, 3
www.texomashomepage.com, 3
www.presstelegram.com, 3
www.elpasoinc.com, 3
www.sciencetimes.com, 3
www.hollywoodreporter.com, 3
www.journalgazette.net, 3
www.idahostatejournal.com, 3
www.fairfieldcitizenonline.com, 3
wgntv.com, 3
news.iafrica.com, 3
cbs4indy.com, 3
www.billboard.com, 3
www.appeal-democrat.com, 3
news.investors.com, 3
www.ktuu.com, 3
www.travelpulse.com, 3
www.wtvm.com, 3
cumberlink.com, 3
www.kentucky.com, 3
lompocrecord.com, 3
www.sbsun.com, 3
www.cnet.com, 3
archive.courierpostonline.com, 3
www.bangkokpost.com, 3
www.greenfieldreporter.com, 3
www.app.com, 3
www.wect.com, 3
www.nonpareilonline.com, 3
americasmarkets.usatoday.com, 3
dailyjournalonline.com, 3
www.beaumontenterprise.com, 3
www.reviewjournal.com, 3
www.zdnet.com, 3
www.krdo.com, 3
www.qconline.com, 3
fox6now.com, 3
www.slate.com, 3
www.khaleejtimes.com, 3
www.wistv.com, 3
www.tucsonnewsnow.com, 3
www.star-telegram.com, 3
www.clickorlando.com, 3
thepublicslate.com, 3
7online.com, 3
www.ydr.com, 3
www.silive.com, 3
www.scnow.com, 3
www.ledger-enquirer.com, 3
www.cachevalleydaily.com, 3
www.nbcmiami.com, 3
www.9news.com, 3
www.piercepioneer.com, 3
www.providencejournal.com, 3
www.wsbtv.com, 3
www.computerworld.com, 3
www.dawn.com, 3
www.citylab.com, 3
www.nassaunewslive.com, 3
www.yakimaherald.com, 3
abc7.com, 3
www.todayszaman.com, 3
wgbhnews.org, 3
www.wmcactionnews5.com, 3
www.nbcdfw.com, 3
www.universityherald.com, 3
tehrantimes.com, 3
www.heraldandnews.com, 3
www.kplctv.com, 3
www.click2houston.com, 3
www.kwtx.com, 3
miami.cbslocal.com, 3
www.livescience.com, 3
www.kbtx.com, 3
learnbonds.com, 3
www.deathandtaxesmag.com, 3
media.brisbanetimes.com.au, 3
www.wgme.com, 3
english.chosun.com, 3
dcinno.streetwise.co, 3
www.eastidahonews.com, 3
wtvr.com, 3
www.thespec.com, 3
www.gmanetwork.com, 3
www.scpr.org, 3
www.ozarksfirst.com, 3
www.kktv.com, 3
health.usnews.com, 3
www.thereporter.com, 3
www.wtoc.com, 3
www.newvision.co.ug, 3
wtnh.com, 3
www.westernjournalism.com, 3
www.kesq.com, 3
www.columbian.com, 3
www.i24news.tv, 3
wwlp.com, 3
www.wics.com, 3
bostinno.streetwise.co, 3
www.statesville.com, 3
businesstoday.intoday.in, 3
www.twcnews.com, 3
whtc.com, 3
www.wokv.com, 3
seekingalpha.com, 3
www.bradenton.com, 3
www.sun-sentinel.com, 3
www.dailytribune.net, 3
www.wvtm13.com, 3
www.theindependent.com, 3
www.wafb.com, 3
www.spokesman.com, 3
hotair.com, 3
www.myfoxphilly.com, 3
www.fox28.com, 3
www.aceshowbiz.com, 3
m.nydailynews.com, 3
www.krgv.com, 3
www.columbiatribune.com, 3
www.broadwayworld.com, 3
www.abs-cbnnews.com, 3
www.wtae.com, 3
www.gulf-daily-news.com, 3
variety.com, 3
mg.co.za, 3
www.theolympian.com, 3
muscatinejournal.com, 3
fantasynews.cbssports.com, 3
www.abcactionnews.com, 3
www.koco.com, 3
www.nbcchicago.com, 3
wric.com, 3
www.walb.com, 3
kxan.com, 3
www.thesunchronicle.com, 3
bluenationreview.com, 2
lancasteronline.com, 2
newsone.com, 2
www.fox23.com, 2
poststar.com, 2
www.leaderherald.com, 2
www.kcra.com, 2
www.space.com, 2
www.azcentral.com, 2
kyivpost.com, 2
www.thecrimson.com, 2
www.wdio.com, 2
forward.com, 2
www.enewspf.com, 2
www.inlandnewstoday.com, 2
www.southcoasttoday.com, 2
www.wfsb.com, 2
www.tennessean.com, 2
www.scientificamerican.com, 2
www.10news.com, 2
www.payvand.com, 2
www.dispatchtimes.com, 2
www.wdbj7.com, 2
khon2.com, 2
www.witf.org, 2
www.baynews9.com, 2
americanlivewire.com, 2
www.statesmanjournal.com, 2
www.wwaytv3.com, 2
www.herald-dispatch.com, 2
www.ontopmag.com, 2
indiatoday.intoday.in, 2
www.latinospost.com, 2
www.gazettetimes.com, 2
www.sciencerecorder.com, 2
www.newsmax.com, 2
www.floridatoday.com, 2
www.daily-jeff.com, 2
www.wireupdate.com, 2
perezhilton.com, 2
fox4kc.com, 2
www.bigcountryhomepage.com, 2
www.wusa9.com, 2
ajw.asahi.com, 2
www.live5news.com, 2
www.theroot.com, 2
www.saudigazette.com.sa, 2
www.twincities.com, 2
lubbockonline.com, 2
nycity.today, 2
www.classichitsandoldies.com, 2
eaglecurrent.com, 2
www.wvah.com, 2
www.yourhoustonnews.com, 2
darkroom.baltimoresun.com, 2
www.bloombergview.com, 2
www.nationaljournal.com, 2
www.vulture.com, 2
atlantadailyworld.com, 2
www.wtvy.com, 2
www.kwch.com, 2
www.theyeshivaworld.com, 2
www.emirates247.com, 2
www.kcci.com, 2
www.abqjournal.com, 2
www.smjnews.com, 2
www.bonnercountydailybee.com, 2
www.rgj.com, 2
www.wsaw.com, 2
www.wkyt.com, 2
swtimes.com, 2
www.nba.com, 2
www.newsledge.com, 2
www.wxyz.com, 2
theconversation.com, 2
www.expatica.com, 2
probasketballtalk.nbcsports.com, 2
www.lohud.com, 2
www.cbs3springfield.com, 2
www.winknews.com, 2
www.channel4.com, 2
www.kctv5.com, 2
www.wowktv.com, 2
www.smithsonianmag.com, 2
www.espn.co.uk, 2
augustafreepress.com, 2
www.cinemablend.com, 2
www.theweek.com, 2
www.abc6onyourside.com, 2
www.realclearpolitics.com, 2
www.chieftain.com, 2
www.mediapost.com, 2
english.cntv.cn, 2
www.netnebraska.org, 2
www.wallstreetotc.com, 2
kfor.com, 2
www.myfoxboston.com, 2
www.etonline.com, 2
www.abc15.com, 2
english.ahram.org.eg, 2
www.actionnewsjax.com, 2
www.myfoxhouston.com, 2
news.yahoo.com, 2
www.abc22now.com, 2
www.myfoxny.com, 2
www.americanbazaaronline.com, 2
outbreaknewstoday.com, 2
www.dailysabah.com, 2
kticradio.com, 2
myfox8.com, 2
thetandd.com, 2
www.journalnow.com, 2
www.dailynews.com, 2
www.telegram.com, 2
www.abc-7.com, 2
rapidnewsnetwork.com, 2
www.nationalreview.com, 2
www.kwwl.com, 2
www.maryvilledailyforum.com, 2
www.kyivpost.com, 2
www.hcplive.com, 2
www.slashgear.com, 2
www.delawareonline.com, 2
www.timesofoman.com, 2
www.independent.com, 2
www.starpulse.com, 2
harrisondaily.com, 2
www.wiscnews.com, 2
phys.org, 2
www.ktre.com, 2
www.wibw.com, 2
www.pottsmerc.com, 2
cdanews.com, 2
fox13now.com, 2
www.desertsun.com, 2
www.christianitydaily.com, 2
foxct.com, 2
www.heraldonline.com, 2
www.vagazette.com, 2
www.csnphilly.com, 2
kdwn.com, 2
www.cbs8.com, 2
postpioneer.com, 2
www.siouxlandmatters.com, 2
www.poconorecord.com, 2
wxpr.org, 2
www.wwgp1050.com, 2
www.smarteranalyst.com, 2
westchester.news12.com, 2
wyomingpublicmedia.org, 2
abc11.com, 2
abc30.com, 2
www.ibtimes.co.uk, 2
radio.foxnews.com, 2
www.bidnessetc.com, 2
gazettereview.com, 2
chronicle.augusta.com, 2
journaltimes.com, 2
www.musictimes.com, 2
www.kait8.com, 2
www.koreatimes.co.kr, 2
www.christiantimes.com, 2
www.insideedition.com, 2
www.koat.com, 2
www.montrealgazette.com, 2
www.mohavedailynews.com, 2
scallywagandvagabond.com, 2
www.news24.com.ng, 2
www.punchng.com, 2
venturebeat.com, 2
appadvice.com, 2
www.therecordherald.com, 2
uk.eurosport.yahoo.com, 2
www.myfoxla.com, 2
www.valleynewslive.com, 2
www.wbez.org, 2
www.globalpost.com, 2
kfgo.com, 2
www.myfoxatlanta.com, 2
savannahnow.com, 2
www.arirang.co.kr, 2
www.abc57.com, 2
www.wflx.com, 2
www.democratandchronicle.com, 2
www.wesh.com, 2
www.newseveryday.com, 2
www.themarketbusiness.com, 2
www.wmur.com, 2
local21news.com, 2
www.myfoxaustin.com, 2
www.adweek.com, 2
hiphollywood.com, 2
uncovercalifornia.com, 2
nation.foxnews.com, 2
www.naij.com, 2
nepr.net, 2
beatricedailysun.com, 2
techsmash.net, 2
www.4029tv.com, 2
www.counton2.com, 2
www.stripes.com, 2
dotearth.blogs.nytimes.com, 2
www.wsav.com, 2
www.koaa.com, 2
www.timesheraldonline.com, 2
kron4.com, 2
netnebraska.org, 2
www.consumeraffairs.com, 2
www.standard-journal.com, 2
www.themoscowtimes.com, 2
www.vnews.com, 2
bangordailynews.com, 2
www.wchstv.com, 2
www.educationdive.com, 2
patch.com, 2
newsmaine.net, 2
www.mariettatimes.com, 2
fox59.com, 2
pulse.ng, 2
www.thepublicopinion.com, 2
www.wctv.tv, 2
www.macon.com, 2
jg-tc.com, 2
www.wcnc.com, 2
www.thedenverchannel.com, 1
www.nst.com.my, 1
kuer.org, 1
www.carolinalive.com, 1
columbiadailyherald.com, 1
www.thevalleydispatch.com, 1
www.bdlive.co.za, 1
www.worldbulletin.net, 1
ketr.org, 1
www.pjstar.com, 1
www.express.co.uk, 1
www.morningticker.com, 1
www.ballerstatus.com, 1
www.cpr.org, 1
wonkette.com, 1
football.realgm.com, 1
www.designntrend.com, 1
sinosphere.blogs.nytimes.com, 1
capeandislands.org, 1
www.news8000.com, 1
registerguard.com, 1
wuky.org, 1
sacramento.cbslocal.com, 1
www.fox4beaumont.com, 1
rapidcityjournal.com, 1
www.norwalkreflector.com, 1
www.sunshinestatenews.com, 1
www.c-span.org, 1
kunr.org, 1
www.lasvegassun.com, 1
www.pennlive.com, 1
www.dailyiowan.com, 1
www.mainstreet.com, 1
2paragraphs.com, 1
www.dukebasketballreport.com, 1
www.rutlandherald.com, 1
www.kpopstarz.com, 1
www.aa.com.tr, 1
magazine.good.is, 1
www.keyt.com, 1
www.thespectrum.com, 1
www.brainerddispatch.com, 1
www.novinite.com, 1
www.sabanews.net, 1
www.plenglish.com, 1
www.kxly.com, 1
www.mcclatchydc.com, 1
www.komonews.com, 1
jamiedupree.blog.wokv.com, 1
www.washingtonexaminer.com, 1
www.oleantimesherald.com, 1
english.hani.co.kr, 1
www.centralkitsapreporter.com, 1
newpittsburghcourieronline.com, 1
www.worldreportnow.com, 1
wjactv.com, 1
www.kdramastars.com, 1
www.ktvq.com, 1
www.10sballs.com, 1
rbth.com, 1
weymouth.wickedlocal.com, 1
www.naplesnews.com, 1
www.beloitdailynews.com, 1
www.dailytimesgazette.com, 1
www.wschronicle.com, 1
www.liberationnews.org, 1
www.aginfo.net, 1
www.ptinews.com, 1
seattle.suntimes.com, 1
trailblazersblog.dallasnews.com, 1
www.wrex.com, 1
www.pinknews.co.uk, 1
www.commdiginews.com, 1
www.businesstimes.com.sg, 1
www.independentnews.com, 1
seattle.cbslocal.com, 1
ksmu.org, 1
www.19actionnews.com, 1
www.wfla.com, 1
www.tauntongazette.com, 1
www.bradfordera.com, 1
io9.com, 1
digital.vpr.net, 1
www.geeksnack.com, 1
www.tribune.com.ng, 1
wkyufm.org, 1
inhomelandsecurity.com, 1
www.whig.com, 1
montreal.ctvnews.ca, 1
www.businessinsider.com.au, 1
www.nujournal.com, 1
wlrn.org, 1
www.lgbtqnation.com, 1
www.fox17.com, 1
www.aninews.in, 1
www.tomsguide.com, 1
www.wlos.com, 1
thesop.org, 1
www.ketv.com, 1
houston.cbslocal.com, 1
www.clarionledger.com, 1
www.capjournal.com, 1
www.wctrib.com, 1
www.cbs2iowa.com, 1
www.progress-index.com, 1
www.duncanbanner.com, 1
armenpress.am, 1
www.drgnews.com, 1
www.illinoishomepage.net, 1
jaybookman.blog.ajc.com, 1
www.watoday.com.au, 1
www.gpb.org, 1
www.wrcbtv.com, 1
www.tsnn.com, 1
www.news4jax.com, 1
www.playbill.com, 1
www.northsomersettimes.co.uk, 1
www.chicagonow.com, 1
www.mynews4.com, 1
mediamatters.org, 1
www.bnd.com, 1
www.publicnewsservice.org, 1
atr.rollcall.com, 1
scores.espn.go.com, 1
www.edweek.org, 1
www.uscatholic.org, 1
www.keloland.com, 1
hanfordsentinel.com, 1
www.sanduskyregister.com, 1
www.indiatimes.com, 1
www.richmond.com, 1
www.radiotimes.com, 1
www.thestarpress.com, 1
www.ksdk.com, 1
www.havenews.com, 1
www.inc.com, 1
247sports.com, 1
kwqc.com, 1
wane.com, 1
cherokeetribune.com, 1
www.dailypolitical.com, 1
www.wnem.com, 1
www.godanriver.com, 1
www.chicagoreader.com, 1
www.theweek.co.uk, 1
www.kristv.com, 1
www.heartlandconnection.com, 1
www.fwbusinesspress.com, 1
www.streetwisejournal.com, 1
www.texasgopvote.com, 1
www.msmagazine.com, 1
fox43.com, 1
www.pcmag.com, 1
rejoicemagazine.net, 1
nhpr.org, 1
www.oanow.com, 1
jamiedupree.blog.ajc.com, 1
hometestingblog.testcountry.com, 1
www.inferse.com, 1
www.genomeweb.com, 1
www.mynews13.com, 1
www.recorderonline.com, 1
www.hometownstations.com, 1
geekinfinite.com, 1
usatodayhss.com, 1
www.wjbdradio.com, 1
www.ksbw.com, 1
www.news-sentinel.com, 1
www.valuewalk.com, 1
ripr.org, 1
boingboing.net, 1
wcbe.org, 1
aranews.net, 1
hardballtalk.nbcsports.com, 1
fantasy.usatoday.com, 1
post.jagran.com, 1
www.dailylocal.com, 1
www.timesonline.com, 1
thediplomat.com, 1
www.insurancejournal.com, 1
www.southcarolinasc.com, 1
www.yahoo.com, 1
www.tvweek.com, 1
www.bet.com, 1
www.whitehouse.gov, 1
www.rappler.com, 1
www.bna.com, 1
www.fanbolt.com, 1
wesa.fm, 1
tidbits.com, 1
www.pewsitter.com, 1
ktvl.com, 1
www.miaminewtimes.com, 1
www.coloradoindependent.com, 1
www.dailybulletin.com, 1
lasvegas.informermg.com, 1
www.gazettenet.com, 1
www.redeyechicago.com, 1
www.dothaneagle.com, 1
watchdog.org, 1
www.annistonstar.com, 1
www.wfmj.com, 1
tbo.com, 1
www.ktiv.com, 1
www.theday.com, 1
www.enterprisenews.com, 1
www.journalinquirer.com, 1
www.dealerscope.com, 1
www.wcpo.com, 1
www.sportsnetwork.com, 1
www.kboi2.com, 1
www.kionrightnow.com, 1
www.binghamtonhomepage.com, 1
www.weeklycitizen.com, 1
swampscott.wickedlocal.com, 1
timesofsandiego.com, 1
www1.skysports.com, 1
kagstv.com, 1
www.autoworldnews.com, 1
www.centralctcommunications.com, 1
krqe.com, 1
www.city-journal.org, 1
www.shreveporttimes.com, 1
www.rochesterhomepage.net, 1
snovalleystar.com, 1
archive.livingstondaily.com, 1
clapway.com, 1
www.wandtv.com, 1
michiganradio.org, 1
www.belgrade-news.com, 1
www.therecorder.com, 1
petra.gov.jo, 1
www.brooklyneagle.com, 1
www.radioiowa.com, 1
www.swxrightnow.com, 1
www.chicagomag.com, 1
www.daily-chronicle.com, 1
peagle.co.uk, 1
www.kotatv.com, 1
earlyreturns.post-gazette.com, 1
thepeninsulaqatar.com, 1
wvasfm.org, 1
www.ibabuzz.com, 1
www.kpbs.org, 1
national.bgnnews.com, 1
www.kxnet.com, 1
www.fox8live.com, 1
www.wtov9.com, 1
www.courant.com, 1
www.citizen-times.com, 1
www.stanforddaily.com, 1
www.sharonherald.com, 1
www.ktvn.com, 1
www.ew.com, 1
wshu.org, 1
www.papermag.com, 1
indiancountrytodaymedianetwork.com, 1
www.prnewswire.com, 1
www.kpvi.com, 1
globalnation.inquirer.net, 1
ens-newswire.com, 1
newcanaan.dailyvoice.com, 1
www.sentinelandenterprise.com, 1
www.nfl.com, 1
www.opb.org, 1
www.hurriyetdailynews.com, 1
www.nationalinterest.org, 1
campusinsiders.com, 1
arizonasports.com, 1
www.greenevillesun.com, 1
www.interaksyon.com, 1
www.dailyrecord.co.uk, 1
www.poynter.org, 1
www.thestar.com.my, 1
www.northwestgeorgianews.com, 1
www.taipeitimes.com, 1
www.accesshollywood.com, 1
www.itv.com, 1
detroit.suntimes.com, 1
www.wdtv.com, 1
www.bworldonline.com, 1
www.valleycentral.com, 1
www.mirrordaily.com, 1
nhv.us, 1
www.highlightpress.com, 1
www.immortal.org, 1
kplr11.com, 1
boston.suntimes.com, 1
live.huffingtonpost.com, 1
www.nbadraft.net, 1
www.tiftongazette.com, 1
gazette.com, 1
www.naturalgasintel.com, 1
www.wwltv.com, 1
personalliberty.com, 1
www.firehouse.com, 1
inserbia.info, 1
www.sj-r.com, 1
www.dentonrc.com, 1
www.whas11.com, 1
www.kxlf.com, 1
diffuser.fm, 1
www.ktvz.com, 1
www.nwitimes.com, 1
www.valdostadailytimes.com, 1
www.buckeyecountry105.com, 1
www.nwherald.com, 1
www.14news.com, 1
www.tidewaterreview.com, 1
fremonttribune.com, 1
www.orovillemr.com, 1
www.justjared.com, 1
www.kvoa.com, 1
www.rotoworld.com, 1
en.mehrnews.com, 1
www.jacarandafm.com, 1
baltimorepostexaminer.com, 1
www.aljazeera.com, 1
www.gosanangelo.com, 1
sfglobe.com, 1
www.wbbjtv.com, 1
www.cincinnati.com, 1
www.nationnews.com, 1
www.capitalwired.com, 1
fox2now.com, 1
www.thegloss.com, 1
kgmi.com, 1
www.financialbuzz.com, 1
www.texaslawyer.com, 1
www.vocativ.com, 1
www.morningjournalnews.com, 1
www.salina.com, 1
www.tuscaloosanews.com, 1
www.wltz.com, 1
www.pymnts.com, 1
grandlakenews.com, 1
chippewa.com, 1
www.lehighvalleylive.com, 1
www.the-star.co.ke, 1
www.wxxv25.com, 1
www.paradisepost.com, 1
millionairecorner.com, 1
www.kusi.com, 1
www.allaccess.com, 1
www.regaltribune.com, 1
www.12newsnow.com, 1
movies.ndtv.com, 1
www.nbc29.com, 1
www.mailtribune.com, 1
www.businessreport.com, 1
www.youthhealthmag.com, 1
theleafonline.com, 1
kelo.com, 1
www.computerworld.in, 1
norton.wickedlocal.com, 1
patriotpost.us, 1
whbl.com, 1
www.ktul.com, 1
www.woodwardnews.net, 1
sputniknews.com, 1
www.covnews.com, 1
traveller24.news24.com, 1
hauteliving.com, 1
www.newsandsentinel.com, 1
www.newtownbee.com, 1
www.numberfire.com, 1
news.discovery.com, 1
www.lostlettermen.com, 1
www.theadanews.com, 1
robesonian.com, 1
democratherald.com, 1
www.krmg.com, 1
fox21news.com, 1
mainenewsonline.com, 1
www.tvmix.com, 1
www.news-record.com, 1
www.turnto23.com, 1
www.thehollywoodgossip.com, 1
wlns.com, 1
www.ksl.com, 1
www.lolwot.com, 1
www.pressdemocrat.com, 1
www.wnct.com, 1
ottawa.ctvnews.ca, 1
www.clevescene.com, 1
www.pekintimes.com, 1
www.cavalierdaily.com, 1
uk.news.yahoo.com, 1
www.aurorasentinel.com, 1
azdailysun.com, 1
www.independentmail.com, 1
www.mantecabulletin.com, 1
ksn.com, 1
www.nbcmontana.com, 1
fox40.com, 1
tvbythenumbers.zap2it.com, 1
www.ktxs.com, 1
www.itproportal.com, 1
www.sport24.co.za, 1
boisestatepublicradio.org, 1
koin.com, 1
amsterdamnews.com, 1
www.ardmoreite.com, 1
hottytoddy.com, 1
wuwm.com, 1
www.360nobs.com, 1
www.prwatch.org, 1
wvxu.org, 1
www.local8now.com, 1
www.kcrg.com, 1
www.ocala.com, 1
www.moultrieobserver.com, 1
jamiedupree.blog.krmg.com, 1
www.thelocal.it, 1
www.wmbfnews.com, 1
www.mymotherlode.com, 1
www.centredaily.com, 1
focustaiwan.tw, 1
www.irishcentral.com, 1
healthitanalytics.com, 1
wbco.com, 1
www.mystateline.com, 1
wkms.org, 1
www.fox10tv.com, 1
www.theledger.com, 1
adage.com, 1
www.unitedliberty.org, 1
eat.snooth.com, 1
observationdeck.io9.com, 1
www.scotsman.com, 1
www.turnto10.com, 1
prosoccertalk.nbcsports.com, 1
www.wggb.com, 1
www.jamestownsun.com, 1
m.gulfnews.com, 1
www.amny.com, 1
www.mb.com.ph, 1
www.iowastatedaily.com, 1
www.kmaland.com, 1
www.lcsun-news.com, 1
www.newstimes.com, 1
www.canyon-news.com, 1
chicagoinno.streetwise.co, 1
www.ridgecrestca.com, 1
www.sportsonearth.com, 1
www.abcfoxmontana.com, 1
www.pri.org, 1
www.centralkynews.com, 1
theboombox.com, 1
www.kplu.org, 1
www.dailytribune.com, 1
www.panorama.am, 1
www.leaderandtimes.com, 1
billingsgazette.com, 1
www.norwichbulletin.com, 1
sfist.com, 1
www.sonorannews.com, 1
sacramentopress.com, 1
blog.seattlepi.com, 1
www.middevonstar.co.uk, 1
deadspin.com, 1
bismarcktribune.com, 1
www.clintoncountyleader.com, 1
www.frostillustrated.com, 1
www.sandiego6.com, 1
www.santafenewmexican.com, 1
www.military.com, 1
gulftoday.ae, 1
kbia.org, 1
centrevilleindependent.com, 1
www.ecorazzi.com, 1
www.spacedaily.com, 1
www.thestreet.com, 1
www.ecommercebytes.com, 1
www.moneycontrol.com, 1
www.jamaicaobserver.com, 1
klfy.com, 1
baylorlariat.com, 1
www.worldreligionnews.com, 1
www.wcti12.com, 1
www.minnpost.com, 1
www.argus-press.com, 1
www.newsobserver.com, 1
www.psmag.com, 1
www.moultonadvertiser.com, 1
wnax.com, 1
www.thebrunswicknews.com, 1
www.pnj.com, 1
www.thedailytimes.com, 1
www.thenewage.co.za, 1
www.roanoke.com, 1
thewestsidestory.net, 1
www.laprensasa.com, 1
www.india.com, 1
www.keyc.com, 1
www.kansas.com, 1
www.metroweekly.com, 1
www.newsherald.com, 1
6abc.com, 1
uncovermichigan.com, 1
www.katv.com, 1
www.wham1180.com, 1
www.knoe.com, 1
www.cbs19.tv, 1
www.eldoradonews.com, 1
www.king5.com, 1
www.medscape.com, 1
www.aol.com, 1
www.wisconsinagconnection.com, 1
fox5sandiego.com, 1
www.medpagetoday.com, 1
www.news-journal.com, 1
www.weeklystandard.com, 1
www.grandforksherald.com, 1
progressillinois.com, 1
nebraskaradionetwork.com, 1
www.njherald.com, 1
www.durangoherald.com, 1
www.theglobaldispatch.com, 1
www.timesrecordnews.com, 1
ewn.co.za, 1
www.popstoptv.com, 1
www.macrumors.com, 1
www.clickondetroit.com, 1
www.indianagazette.com, 1
www.caribbeanlifenews.com, 1
blouinnews.com, 1
learningenglish.voanews.com, 1
www.ringoffireradio.com, 1
www.bizjournals.com, 1
www.examiner.com, 1
www.ksfy.com, 1
citizensvoice.com, 1
deadline.com, 1
www.wdrb.com, 1
www.record-bee.com, 1
apr.org, 1
www.wndu.com, 1
www.jacksonheraldtoday.com, 1
www.greeleytribune.com, 1
www.mynews3.com, 1
www.benchmarkmonitor.com, 1
www.everythinglubbock.com, 1
www.politifact.com, 1
wabe.org, 1
www.wrbl.com, 1
www.observer-reporter.com, 1
www.myfoxdc.com, 1
www.columbiamissourian.com, 1
www.wqow.com, 1
www.lusakatimes.com, 1
www.jta.org, 1
www.jambase.com, 1
www.dailyastorian.com, 1
www.houstoniamag.com, 1
www.radionz.co.nz, 1
valdostatoday.com, 1
www.theweathernetwork.com, 1
www.digitalspy.com, 1
www.wilm.com, 1
www.waff.com, 1
www.sci-tech-today.com, 1
jamaica-gleaner.com, 1
www.newsnet5.com, 1
abc13.com, 1
wnep.com, 1
dunyanews.tv, 1
www.santacruzsentinel.com, 1
www.abc17news.com, 1
www.marinij.com, 1
www.businessinsider.in, 1
www.prweek.com, 1
malden.wickedlocal.com, 1
somd.com, 1
www.crn.com, 1
marketingland.com, 1
minneapolis.suntimes.com, 1
www.kiiitv.com, 1
www.wboc.com, 1
www.wkrg.com, 1
technology.iafrica.com, 1
arden.news10.net, 1
globalgrind.com, 1
www.crainsdetroit.com, 1
vineyardgazette.com, 1
thelantern.com, 1
www.wdsu.com, 1
www.ourmidland.com, 1
archive.rgj.com, 1
www.longislandpress.com, 1
www.tv360nigeria.com, 1
napavalleyregister.com, 1
legalinsurrection.com, 1
old.tehrantimes.com, 1
www.brightsideofthesun.com, 1
ktar.com, 1
5newsonline.com, 1
atimes.com, 1
www.newenglandone.com, 1
www.standard.co.uk, 1
www.austinchronicle.com, 1
foreignpolicy.com, 1
ncronline.org, 1
revcycleintelligence.com, 1
www.kitv.com, 1
www.siliconrepublic.com, 1
www.ktvu.com, 1
wdet.org, 1
www.buzzfeed.com, 1
www.peninsuladailynews.com, 1
globalnews.ca, 1
www.wearecentralpa.com, 1
www.iafrica.com, 1
www.si.com, 1
www.myfoxdetroit.com, 1
westsidetoday.com, 1
wuwf.org, 1
www.intouchweekly.com, 1
www.blastr.com, 1
www.wsls.com, 1
wqad.com, 1
www.clintonherald.com, 1
www.gilmermirror.com, 1
www.bloodyelbow.com, 1
sea.247sports.com, 1
www.rawstory.com, 1
www.moroccoworldnews.com, 1
www.local21news.com, 1
www.680news.com, 1
www.autostraddle.com, 1
www.lanereport.com, 1
www.religionnews.com, 1
www.vibe.com, 1
www.nbc15.com, 1
www.latinoshealth.com, 1
www.plymouthherald.co.uk, 1
sportswire.usatoday.com, 1
www.mysuburbanlife.com, 1
www.digitaljournal.com, 1
www.wjtv.com, 1
www.vavel.com, 1
sports.yahoo.com, 1
www.ctnow.com, 1
www.myeasternshoremd.com, 1
www.thestandard.com.hk, 1
www.staradvertiser.com, 1
www.opensecrets.org, 1
www.wptv.com, 1
entertainment.inquirer.net, 1
the-japan-news.com, 1
sg.news.yahoo.com, 1
www.wsws.org, 1
www.wxow.com, 1
www.marinelog.com, 1
junkee.com, 1
windowsitpro.com, 1
www.sdgln.com, 1
www.woodbridgedaily.com, 1
www.whittierdailynews.com, 1
www.whby.com, 1
wreg.com, 1
www.craigdailypress.com, 1
www.southbendtribune.com, 1
news.nationalgeographic.com, 1
www.todaysslapshot.com, 1
rutlandherald.com, 1
www.commercialappeal.com, 1
www.kolotv.com, 1
publicradioeast.org, 1
www.destinyconnect.com, 1
www.moneyflowindex.org, 1
www.tylerpaper.com, 1
www.my9nj.com, 1
www.chillicothetimesbulletin.com, 1
customstoday.com.pk, 1
www.riverbender.com, 1
www.timesfreepress.com, 1
www.summitdaily.com, 1
tech.firstpost.com, 1
blackhawkup.com, 1
www.tri-cityherald.com, 1
www.sbs.com.au, 1
www.heraldbulletin.com, 1
postonpolitics.blog.palmbeachpost.com, 1
www.pe.com, 1
www.kerngoldenempire.com, 1
www.courierpress.com, 1
www.missourinet.com, 1
kuow.org, 1
www.accountingtoday.com, 1
www.androidheadlines.com, 1
www.kltv.com, 1
stcroixsource.com, 1
www.law360.com, 1
www.journalreview.com, 1
www.11alive.com, 1
www.foxrio2.com, 1
www.politicususa.com, 1
www.wltx.com, 1
wvpublic.org, 1
www.csnchicago.com, 1
www.palestineherald.com, 1
sunnewsonline.com, 1
www.ksro.com, 1
wkbn.com, 1
kiow.com, 1
www.henryherald.com, 1
sanantonio.suntimes.com, 1
www.sfexaminer.com, 1
www.monroenews.com, 1
radioboston.wbur.org, 1
www.kmov.com, 1
www.thestandarddaily.com, 1
www.sierrastar.com, 1
www.wdaz.com, 1
www.wfmz.com, 1
www.telesurtv.net, 1
www.techspot.com, 1
www.theskanner.com, 1
www.texastribune.org, 1
www.okcfox.com, 1
theorion.com, 1
www.breckenridgeamerican.com, 1
lasvegas.cbslocal.com, 1
nesn.com, 1
www.israelhayom.com, 1
www.dailynewsegypt.com, 1
www.thepacker.com, 1
www.kxxv.com, 1
www.chicoer.com, 1
www.wbtw.com, 1
www.govexec.com, 1
www.wjhg.com, 1
tdn.com, 1
news.blog.ajc.com, 1
www.therakyatpost.com, 1
www.huewire.com, 1
www.yourwestvalley.com, 1
www.khou.com, 1
wnyt.com, 1
theuptake.org, 1
thechronicleherald.ca, 1
www.cbs46.com, 1
www.mininggazette.com, 1
thecourier.com, 1
www.idahostatesman.com, 1
www.kmph.com, 1
www.bellanaija.com, 1
ktep.org, 1
www.mysinchew.com, 1
cajnewsafrica.com, 1
thespacereporter.com, 1
www.greenwichtime.com, 1
kcbx.org, 1
www.channel24.co.za, 1
www.silkroadreporters.com, 1
thegazette.com, 1
www.bizpacreview.com, 1
www.armradio.am, 1
